{"v":"4.8.0","meta":{"g":"LottieFiles AE ","a":"","k":"","d":"","tc":""},"fr":60,"ip":0,"op":311,"w":1000,"h":1000,"nm":"05 - Basketball Game","ddd":0,"assets":[],"layers":[{"ddd":0,"ind":1,"ty":3,"nm":"Trigger","sr":1,"ks":{"o":{"a":0,"k":0,"ix":11},"r":{"a":0,"k":0,"ix":10},"p":{"a":0,"k":[500,500,0],"ix":2},"a":{"a":0,"k":[0,0,0],"ix":1},"s":{"a":0,"k":[100,100,100],"ix":6}},"ao":0,"ip":0,"op":600,"st":0,"bm":0},{"ddd":0,"ind":2,"ty":3,"nm":"Out Animation","sr":1,"ks":{"o":{"a":0,"k":0,"ix":11},"r":{"a":1,"k":[{"i":{"x":[0.667],"y":[1]},"o":{"x":[0.167],"y":[0]},"t":0,"s":[0]},{"i":{"x":[0],"y":[1]},"o":{"x":[0.333],"y":[0]},"t":240,"s":[0]},{"i":{"x":[0.667],"y":[1]},"o":{"x":[1],"y":[0]},"t":260,"s":[5]},{"t":300,"s":[-25]}],"ix":10},"p":{"a":0,"k":[500,500,0],"ix":2},"a":{"a":0,"k":[50,50,0],"ix":1},"s":{"a":1,"k":[{"i":{"x":[0,0,0.667],"y":[1,1,1]},"o":{"x":[0.333,0.333,0.333],"y":[0,0,0]},"t":240,"s":[100,100,100]},{"i":{"x":[0.667,0.667,0.667],"y":[1,1,1]},"o":{"x":[1,1,0.333],"y":[0,0,0]},"t":260,"s":[110,110,100]},{"t":300,"s":[0,0,100]}],"ix":6}},"ao":0,"ip":0,"op":600,"st":0,"bm":0},{"ddd":0,"ind":3,"ty":4,"nm":"Layer 2 Outlines 2","parent":2,"sr":1,"ks":{"o":{"a":0,"k":100,"ix":11},"r":{"a":0,"k":0,"ix":10},"p":{"a":1,"k":[{"i":{"x":0.433,"y":1},"o":{"x":0.573,"y":0},"t":70,"s":[52,-457.72,0],"to":[-0.285,143.482,0],"ti":[0.285,-143.482,0]},{"t":130,"s":[50.289,403.174,0]}],"ix":2},"a":{"a":0,"k":[500.289,210.174,0],"ix":1},"s":{"a":0,"k":[100,100,100],"ix":6}},"ao":0,"hasMask":true,"masksProperties":[{"inv":false,"mode":"a","pt":{"a":1,"k":[{"i":{"x":0.433,"y":1},"o":{"x":0.573,"y":0},"t":70,"s":[{"i":[[0,0],[0,0],[0,0],[0,0]],"o":[[0,0],[0,0],[0,0],[0,0]],"v":[[1244,279.906],[-230,279.906],[-230,1017.906],[1244,1017.906]],"c":true}]},{"t":130,"s":[{"i":[[0,0],[0,0],[0,0],[0,0]],"o":[[0,0],[0,0],[0,0],[0,0]],"v":[[1244,-580.875],[-230,-580.875],[-230,157.125],[1244,157.125]],"c":true}]}],"ix":1},"o":{"a":0,"k":100,"ix":3},"x":{"a":0,"k":0,"ix":4},"nm":"Mask 1"}],"shapes":[{"ty":"gr","it":[{"ind":0,"ty":"sh","ix":1,"ks":{"a":0,"k":{"i":[[-4.428,-4.365],[-0.094,-0.093],[-0.765,-0.885],[0.918,-12.792],[0.179,-1.216],[6.018,-7.217],[0.932,-0.948],[0.145,-0.144],[10.211,-1.501],[1.224,-0.084],[4.323,0.84],[-8.036,0.577],[-1.216,0.178],[-7.86,7.859],[-0.14,0.149],[-0.834,1.004],[-1.293,8.795],[-0.085,1.224],[8.935,10.287],[0.842,0.842],[0.093,0.085],[9.295,1.792]],"o":[[0.094,0.085],[0.842,0.842],[8.936,10.287],[-0.085,1.226],[-1.293,8.795],[-0.833,1.004],[-0.14,0.149],[-7.859,7.86],[-1.216,0.179],[-4.382,0.315],[7.497,3.31],[1.226,-0.086],[10.211,-1.501],[0.144,-0.145],[0.932,-0.949],[6.017,-7.217],[0.179,-1.216],[0.919,-12.793],[-0.765,-0.885],[-0.094,-0.094],[-7.237,-7.134],[5.378,2.365]],"v":[[9.496,-39.183],[9.777,-38.911],[12.192,-36.316],[24.211,-0.16],[23.815,3.502],[12.851,28.032],[10.206,30.966],[9.777,31.404],[-18.126,45.443],[-21.787,45.838],[-34.904,45.036],[-11.224,49.139],[-7.562,48.743],[20.341,34.705],[20.77,34.267],[23.416,31.332],[34.379,6.802],[34.774,3.141],[22.756,-33.016],[20.341,-35.61],[20.06,-35.883],[-5.357,-49.267]],"c":true},"ix":2},"nm":"Path 1","mn":"ADBE Vector Shape - Group","hd":false},{"ty":"mm","mm":4,"nm":"Merge Paths 1","mn":"ADBE Vector Filter - Merge","hd":false},{"ty":"fl","c":{"a":0,"k":[0.176000004189,0.176000004189,0.176000004189,1],"ix":4},"o":{"a":0,"k":100,"ix":5},"r":1,"bm":0,"nm":"Fill 1","mn":"ADBE Vector Graphic - Fill","hd":false},{"ty":"tr","p":{"a":0,"k":[515.105,210.627],"ix":2},"a":{"a":0,"k":[0,0],"ix":1},"s":{"a":0,"k":[100,100],"ix":3},"r":{"a":0,"k":0,"ix":6},"o":{"a":0,"k":20,"ix":7},"sk":{"a":0,"k":0,"ix":4},"sa":{"a":0,"k":0,"ix":5},"nm":"Transform"}],"nm":"Group 1","np":3,"cix":2,"bm":0,"ix":1,"mn":"ADBE Vector Group","hd":false},{"ty":"gr","it":[{"ind":0,"ty":"sh","ix":1,"ks":{"a":0,"k":{"i":[[-0.786,0.948],[-5.865,13.086],[-0.093,-0.094],[-0.764,-0.884],[5.707,-7.817],[1.914,-2.288],[0.808,-0.91],[11.036,-6.825],[5.665,-2.407],[0.719,0.718],[0.212,0.23],[-6.77,4.202],[-9.611,10.972]],"o":[[7.388,-8.918],[0.093,0.085],[0.842,0.841],[-4.21,9.238],[-1.774,2.428],[-0.783,0.935],[-8.582,9.722],[-6.371,3.947],[-0.752,-0.659],[-0.225,-0.226],[5.975,-2.437],[9.025,-5.597],[0.791,-0.91]],"v":[[13.754,-3.508],[34.001,-36.327],[34.281,-36.054],[36.697,-33.461],[21.804,-7.85],[16.271,-0.769],[13.885,1.999],[-15.625,26.89],[-33.831,36.327],[-36.034,34.261],[-36.697,33.58],[-17.376,23.735],[11.385,-0.723]],"c":true},"ix":2},"nm":"Path 1","mn":"ADBE Vector Shape - Group","hd":false},{"ty":"mm","mm":4,"nm":"Merge Paths 1","mn":"ADBE Vector Filter - Merge","hd":false},{"ty":"fl","c":{"a":0,"k":[0.808000033509,0.255000005984,0.128999986836,1],"ix":4},"o":{"a":0,"k":100,"ix":5},"r":1,"bm":0,"nm":"Fill 1","mn":"ADBE Vector Graphic - Fill","hd":false},{"ty":"tr","p":{"a":0,"k":[501.165,211.071],"ix":2},"a":{"a":0,"k":[0,0],"ix":1},"s":{"a":0,"k":[100,100],"ix":3},"r":{"a":0,"k":0,"ix":6},"o":{"a":0,"k":100,"ix":7},"sk":{"a":0,"k":0,"ix":4},"sa":{"a":0,"k":0,"ix":5},"nm":"Transform"}],"nm":"Group 2","np":3,"cix":2,"bm":0,"ix":2,"mn":"ADBE Vector Group","hd":false},{"ty":"gr","it":[{"ind":0,"ty":"sh","ix":1,"ks":{"a":0,"k":{"i":[[5.843,3.045],[-0.978,0.824],[-10.517,-7.982],[-0.149,-0.115],[-0.97,-0.774],[-4.873,-4.873],[-1.037,-1.098],[-0.838,-0.932],[-2.986,-4.142],[-0.681,-1.003],[-2.756,-6.098],[0.932,-0.949],[3.773,5.55],[0.701,0.974],[3.079,3.428],[0.837,0.889],[5.716,4.558],[0.94,0.719]],"o":[[0.923,-0.915],[5.992,3.168],[0.145,0.111],[0.936,0.715],[4.597,3.653],[1.042,1.042],[0.842,0.893],[3.245,3.602],[0.706,0.97],[3.585,5.286],[-0.834,1.004],[-2.773,-6.396],[-0.671,-1.003],[-2.79,-3.861],[-0.825,-0.927],[-5.614,-5.953],[-0.953,-0.758],[-11.193,-8.573]],"v":[[-36.648,-33.678],[-33.804,-36.293],[-7.743,-19.606],[-7.305,-19.27],[-4.447,-17.041],[9.927,-4.241],[13.044,-1.038],[15.563,1.701],[24.953,13.319],[27.028,16.279],[36.648,33.358],[34.003,36.293],[24.08,18.367],[22.014,15.407],[13.176,4.469],[10.676,1.747],[-6.535,-14.017],[-9.376,-16.238]],"c":true},"ix":2},"nm":"Path 1","mn":"ADBE Vector Shape - Group","hd":false},{"ty":"mm","mm":4,"nm":"Merge Paths 1","mn":"ADBE Vector Filter - Merge","hd":false},{"ty":"fl","c":{"a":0,"k":[0.808000033509,0.255000005984,0.128999986836,1],"ix":4},"o":{"a":0,"k":100,"ix":5},"r":1,"bm":0,"nm":"Fill 1","mn":"ADBE Vector Graphic - Fill","hd":false},{"ty":"tr","p":{"a":0,"k":[501.873,208.601],"ix":2},"a":{"a":0,"k":[0,0],"ix":1},"s":{"a":0,"k":[100,100],"ix":3},"r":{"a":0,"k":0,"ix":6},"o":{"a":0,"k":100,"ix":7},"sk":{"a":0,"k":0,"ix":4},"sa":{"a":0,"k":0,"ix":5},"nm":"Transform"}],"nm":"Group 3","np":3,"cix":2,"bm":0,"ix":3,"mn":"ADBE Vector Group","hd":false},{"ty":"gr","it":[{"ind":0,"ty":"sh","ix":1,"ks":{"a":0,"k":{"i":[[1.148,-11.406],[-1.217,0.179],[-7.91,7.91],[-1.641,1.258],[-1,0.651],[-7.221,0.85],[-0.085,1.225],[7.038,-4.622],[0.956,-0.736],[1.654,-1.654]],"o":[[1.226,-0.085],[1.212,-10.338],[1.505,-1.506],[0.961,-0.741],[6.297,-4.12],[0.178,-1.217],[-8.093,0.812],[-1,0.659],[-1.817,1.382],[-8.714,8.714]],"v":[[-22.999,22.999],[-19.337,22.603],[-5.651,-5.652],[-0.927,-9.798],[2.021,-11.887],[22.604,-19.337],[22.999,-22.999],[-0.055,-14.847],[-2.993,-12.758],[-8.203,-8.204]],"c":true},"ix":2},"nm":"Path 1","mn":"ADBE Vector Shape - Group","hd":false},{"ty":"mm","mm":4,"nm":"Merge Paths 1","mn":"ADBE Vector Filter - Merge","hd":false},{"ty":"fl","c":{"a":0,"k":[0.808000033509,0.255000005984,0.128999986836,1],"ix":4},"o":{"a":0,"k":100,"ix":5},"r":1,"bm":0,"nm":"Fill 1","mn":"ADBE Vector Graphic - Fill","hd":false},{"ty":"tr","p":{"a":0,"k":[526.881,236.767],"ix":2},"a":{"a":0,"k":[0,0],"ix":1},"s":{"a":0,"k":[100,100],"ix":3},"r":{"a":0,"k":0,"ix":6},"o":{"a":0,"k":100,"ix":7},"sk":{"a":0,"k":0,"ix":4},"sa":{"a":0,"k":0,"ix":5},"nm":"Transform"}],"nm":"Group 4","np":3,"cix":2,"bm":0,"ix":4,"mn":"ADBE Vector Group","hd":false},{"ty":"gr","it":[{"ind":0,"ty":"sh","ix":1,"ks":{"a":0,"k":{"i":[[5.486,-8.744],[0.736,-0.99],[1.701,-1.701],[13.375,0.94],[-0.119,-1.208],[-10.845,10.844],[-1.476,1.995],[-0.655,1.029],[0.651,10.679],[1.212,0.03]],"o":[[-0.646,1.029],[-1.395,1.88],[-10.203,10.202],[0.03,1.212],[14.221,0.867],[1.807,-1.808],[0.74,-0.986],[5.954,-9.331],[-1.207,-0.119],[0.697,9.969]],"v":[[16.259,1.027],[14.188,4.059],[9.547,9.439],[-27.72,23.333],[-27.486,26.961],[12.099,11.991],[17.029,6.279],[19.116,3.256],[27.069,-27.594],[23.441,-27.828]],"c":true},"ix":2},"nm":"Path 1","mn":"ADBE Vector Shape - Group","hd":false},{"ty":"mm","mm":4,"nm":"Merge Paths 1","mn":"ADBE Vector Filter - Merge","hd":false},{"ty":"fl","c":{"a":0,"k":[0.808000033509,0.255000005984,0.128999986836,1],"ix":4},"o":{"a":0,"k":100,"ix":5},"r":1,"bm":0,"nm":"Fill 1","mn":"ADBE Vector Graphic - Fill","hd":false},{"ty":"tr","p":{"a":0,"k":[478.31,188.304],"ix":2},"a":{"a":0,"k":[0,0],"ix":1},"s":{"a":0,"k":[100,100],"ix":3},"r":{"a":0,"k":0,"ix":6},"o":{"a":0,"k":100,"ix":7},"sk":{"a":0,"k":0,"ix":4},"sa":{"a":0,"k":0,"ix":5},"nm":"Transform"}],"nm":"Group 5","np":3,"cix":2,"bm":0,"ix":5,"mn":"ADBE Vector Group","hd":false},{"ty":"gr","it":[{"ind":0,"ty":"sh","ix":1,"ks":{"a":0,"k":{"i":[[-10.083,10.083],[0,0],[-0.978,0.825],[-11.964,-0.353],[-1.207,-0.119],[-8.366,-8.247],[-0.094,-0.094],[-0.765,-0.885],[0.918,-12.793],[0.179,-1.217],[6.018,-7.216],[0.931,-0.948],[0.144,-0.145],[10.211,-1.501],[1.226,-0.085],[10.342,9.177],[0.718,0.719],[0.213,0.23],[1.098,10.683],[0.03,1.213]],"o":[[0,0],[0.923,-0.914],[9.659,-8.238],[1.212,0.03],[10.857,1.111],[0.092,0.085],[0.842,0.842],[8.936,10.287],[-0.085,1.225],[-1.293,8.794],[-0.834,1.004],[-0.141,0.149],[-7.859,7.859],[-1.217,0.179],[-12.957,0.931],[-0.753,-0.659],[-0.226,-0.226],[-8.003,-8.301],[-0.119,-1.208],[-0.386,-13.204]],"v":[[-35.37,-35.393],[-35.277,-35.487],[-32.432,-38.102],[1.251,-49.934],[4.878,-49.7],[34.665,-35.665],[34.945,-35.393],[37.36,-32.799],[49.379,3.358],[48.983,7.02],[38.02,31.549],[35.375,34.484],[34.945,34.922],[7.043,48.96],[3.38,49.356],[-33.167,36.989],[-35.37,34.922],[-36.034,34.241],[-49.677,4.855],[-49.911,1.227]],"c":true},"ix":2},"nm":"Path 1","mn":"ADBE Vector Shape - Group","hd":false},{"ty":"mm","mm":4,"nm":"Merge Paths 1","mn":"ADBE Vector Filter - Merge","hd":false},{"ty":"fl","c":{"a":0,"k":[0.948999980852,0.383999992819,0.231000010173,1],"ix":4},"o":{"a":0,"k":100,"ix":5},"r":1,"bm":0,"nm":"Fill 1","mn":"ADBE Vector Graphic - Fill","hd":false},{"ty":"tr","p":{"a":0,"k":[500.501,210.41],"ix":2},"a":{"a":0,"k":[0,0],"ix":1},"s":{"a":0,"k":[100,100],"ix":3},"r":{"a":0,"k":0,"ix":6},"o":{"a":0,"k":100,"ix":7},"sk":{"a":0,"k":0,"ix":4},"sa":{"a":0,"k":0,"ix":5},"nm":"Transform"}],"nm":"Group 6","np":3,"cix":2,"bm":0,"ix":6,"mn":"ADBE Vector Group","hd":false}],"ip":70,"op":670,"st":70,"bm":0},{"ddd":0,"ind":4,"ty":4,"nm":"Layer 2 Outlines","parent":2,"sr":1,"ks":{"o":{"a":0,"k":100,"ix":11},"r":{"a":0,"k":0,"ix":10},"p":{"a":0,"k":[50.289,-239.826,0],"ix":2},"a":{"a":0,"k":[500.289,210.174,0],"ix":1},"s":{"a":1,"k":[{"i":{"x":[0.323,0.323,0.667],"y":[1,1,1]},"o":{"x":[0.667,0.667,0.333],"y":[0,0,0]},"t":110,"s":[0,0,100]},{"i":{"x":[0.309,0.309,0.667],"y":[1,1,1]},"o":{"x":[0.657,0.657,0.333],"y":[0,0,0]},"t":150,"s":[103,103,100]},{"t":170,"s":[100,100,100]}],"ix":6}},"ao":0,"shapes":[{"ty":"gr","it":[{"ind":0,"ty":"sh","ix":1,"ks":{"a":0,"k":{"i":[[-4.428,-4.365],[-0.094,-0.093],[-0.765,-0.885],[0.918,-12.792],[0.179,-1.216],[6.018,-7.217],[0.932,-0.948],[0.145,-0.144],[10.211,-1.501],[1.224,-0.084],[4.323,0.84],[-8.036,0.577],[-1.216,0.178],[-7.86,7.859],[-0.14,0.149],[-0.834,1.004],[-1.293,8.795],[-0.085,1.224],[8.935,10.287],[0.842,0.842],[0.093,0.085],[9.295,1.792]],"o":[[0.094,0.085],[0.842,0.842],[8.936,10.287],[-0.085,1.226],[-1.293,8.795],[-0.833,1.004],[-0.14,0.149],[-7.859,7.86],[-1.216,0.179],[-4.382,0.315],[7.497,3.31],[1.226,-0.086],[10.211,-1.501],[0.144,-0.145],[0.932,-0.949],[6.017,-7.217],[0.179,-1.216],[0.919,-12.793],[-0.765,-0.885],[-0.094,-0.094],[-7.237,-7.134],[5.378,2.365]],"v":[[9.496,-39.183],[9.777,-38.911],[12.192,-36.316],[24.211,-0.16],[23.815,3.502],[12.851,28.032],[10.206,30.966],[9.777,31.404],[-18.126,45.443],[-21.787,45.838],[-34.904,45.036],[-11.224,49.139],[-7.562,48.743],[20.341,34.705],[20.77,34.267],[23.416,31.332],[34.379,6.802],[34.774,3.141],[22.756,-33.016],[20.341,-35.61],[20.06,-35.883],[-5.357,-49.267]],"c":true},"ix":2},"nm":"Path 1","mn":"ADBE Vector Shape - Group","hd":false},{"ty":"mm","mm":4,"nm":"Merge Paths 1","mn":"ADBE Vector Filter - Merge","hd":false},{"ty":"fl","c":{"a":0,"k":[0.176000004189,0.176000004189,0.176000004189,1],"ix":4},"o":{"a":0,"k":100,"ix":5},"r":1,"bm":0,"nm":"Fill 1","mn":"ADBE Vector Graphic - Fill","hd":false},{"ty":"tr","p":{"a":0,"k":[515.105,210.627],"ix":2},"a":{"a":0,"k":[0,0],"ix":1},"s":{"a":0,"k":[100,100],"ix":3},"r":{"a":0,"k":0,"ix":6},"o":{"a":0,"k":20,"ix":7},"sk":{"a":0,"k":0,"ix":4},"sa":{"a":0,"k":0,"ix":5},"nm":"Transform"}],"nm":"Group 1","np":3,"cix":2,"bm":0,"ix":1,"mn":"ADBE Vector Group","hd":false},{"ty":"gr","it":[{"ind":0,"ty":"sh","ix":1,"ks":{"a":0,"k":{"i":[[-0.786,0.948],[-5.865,13.086],[-0.093,-0.094],[-0.764,-0.884],[5.707,-7.817],[1.914,-2.288],[0.808,-0.91],[11.036,-6.825],[5.665,-2.407],[0.719,0.718],[0.212,0.23],[-6.77,4.202],[-9.611,10.972]],"o":[[7.388,-8.918],[0.093,0.085],[0.842,0.841],[-4.21,9.238],[-1.774,2.428],[-0.783,0.935],[-8.582,9.722],[-6.371,3.947],[-0.752,-0.659],[-0.225,-0.226],[5.975,-2.437],[9.025,-5.597],[0.791,-0.91]],"v":[[13.754,-3.508],[34.001,-36.327],[34.281,-36.054],[36.697,-33.461],[21.804,-7.85],[16.271,-0.769],[13.885,1.999],[-15.625,26.89],[-33.831,36.327],[-36.034,34.261],[-36.697,33.58],[-17.376,23.735],[11.385,-0.723]],"c":true},"ix":2},"nm":"Path 1","mn":"ADBE Vector Shape - Group","hd":false},{"ty":"mm","mm":4,"nm":"Merge Paths 1","mn":"ADBE Vector Filter - Merge","hd":false},{"ty":"fl","c":{"a":0,"k":[0.808000033509,0.255000005984,0.128999986836,1],"ix":4},"o":{"a":0,"k":100,"ix":5},"r":1,"bm":0,"nm":"Fill 1","mn":"ADBE Vector Graphic - Fill","hd":false},{"ty":"tr","p":{"a":0,"k":[501.165,211.071],"ix":2},"a":{"a":0,"k":[0,0],"ix":1},"s":{"a":0,"k":[100,100],"ix":3},"r":{"a":0,"k":0,"ix":6},"o":{"a":0,"k":100,"ix":7},"sk":{"a":0,"k":0,"ix":4},"sa":{"a":0,"k":0,"ix":5},"nm":"Transform"}],"nm":"Group 2","np":3,"cix":2,"bm":0,"ix":2,"mn":"ADBE Vector Group","hd":false},{"ty":"gr","it":[{"ind":0,"ty":"sh","ix":1,"ks":{"a":0,"k":{"i":[[5.843,3.045],[-0.978,0.824],[-10.517,-7.982],[-0.149,-0.115],[-0.97,-0.774],[-4.873,-4.873],[-1.037,-1.098],[-0.838,-0.932],[-2.986,-4.142],[-0.681,-1.003],[-2.756,-6.098],[0.932,-0.949],[3.773,5.55],[0.701,0.974],[3.079,3.428],[0.837,0.889],[5.716,4.558],[0.94,0.719]],"o":[[0.923,-0.915],[5.992,3.168],[0.145,0.111],[0.936,0.715],[4.597,3.653],[1.042,1.042],[0.842,0.893],[3.245,3.602],[0.706,0.97],[3.585,5.286],[-0.834,1.004],[-2.773,-6.396],[-0.671,-1.003],[-2.79,-3.861],[-0.825,-0.927],[-5.614,-5.953],[-0.953,-0.758],[-11.193,-8.573]],"v":[[-36.648,-33.678],[-33.804,-36.293],[-7.743,-19.606],[-7.305,-19.27],[-4.447,-17.041],[9.927,-4.241],[13.044,-1.038],[15.563,1.701],[24.953,13.319],[27.028,16.279],[36.648,33.358],[34.003,36.293],[24.08,18.367],[22.014,15.407],[13.176,4.469],[10.676,1.747],[-6.535,-14.017],[-9.376,-16.238]],"c":true},"ix":2},"nm":"Path 1","mn":"ADBE Vector Shape - Group","hd":false},{"ty":"mm","mm":4,"nm":"Merge Paths 1","mn":"ADBE Vector Filter - Merge","hd":false},{"ty":"fl","c":{"a":0,"k":[0.808000033509,0.255000005984,0.128999986836,1],"ix":4},"o":{"a":0,"k":100,"ix":5},"r":1,"bm":0,"nm":"Fill 1","mn":"ADBE Vector Graphic - Fill","hd":false},{"ty":"tr","p":{"a":0,"k":[501.873,208.601],"ix":2},"a":{"a":0,"k":[0,0],"ix":1},"s":{"a":0,"k":[100,100],"ix":3},"r":{"a":0,"k":0,"ix":6},"o":{"a":0,"k":100,"ix":7},"sk":{"a":0,"k":0,"ix":4},"sa":{"a":0,"k":0,"ix":5},"nm":"Transform"}],"nm":"Group 3","np":3,"cix":2,"bm":0,"ix":3,"mn":"ADBE Vector Group","hd":false},{"ty":"gr","it":[{"ind":0,"ty":"sh","ix":1,"ks":{"a":0,"k":{"i":[[1.148,-11.406],[-1.217,0.179],[-7.91,7.91],[-1.641,1.258],[-1,0.651],[-7.221,0.85],[-0.085,1.225],[7.038,-4.622],[0.956,-0.736],[1.654,-1.654]],"o":[[1.226,-0.085],[1.212,-10.338],[1.505,-1.506],[0.961,-0.741],[6.297,-4.12],[0.178,-1.217],[-8.093,0.812],[-1,0.659],[-1.817,1.382],[-8.714,8.714]],"v":[[-22.999,22.999],[-19.337,22.603],[-5.651,-5.652],[-0.927,-9.798],[2.021,-11.887],[22.604,-19.337],[22.999,-22.999],[-0.055,-14.847],[-2.993,-12.758],[-8.203,-8.204]],"c":true},"ix":2},"nm":"Path 1","mn":"ADBE Vector Shape - Group","hd":false},{"ty":"mm","mm":4,"nm":"Merge Paths 1","mn":"ADBE Vector Filter - Merge","hd":false},{"ty":"fl","c":{"a":0,"k":[0.808000033509,0.255000005984,0.128999986836,1],"ix":4},"o":{"a":0,"k":100,"ix":5},"r":1,"bm":0,"nm":"Fill 1","mn":"ADBE Vector Graphic - Fill","hd":false},{"ty":"tr","p":{"a":0,"k":[526.881,236.767],"ix":2},"a":{"a":0,"k":[0,0],"ix":1},"s":{"a":0,"k":[100,100],"ix":3},"r":{"a":0,"k":0,"ix":6},"o":{"a":0,"k":100,"ix":7},"sk":{"a":0,"k":0,"ix":4},"sa":{"a":0,"k":0,"ix":5},"nm":"Transform"}],"nm":"Group 4","np":3,"cix":2,"bm":0,"ix":4,"mn":"ADBE Vector Group","hd":false},{"ty":"gr","it":[{"ind":0,"ty":"sh","ix":1,"ks":{"a":0,"k":{"i":[[5.486,-8.744],[0.736,-0.99],[1.701,-1.701],[13.375,0.94],[-0.119,-1.208],[-10.845,10.844],[-1.476,1.995],[-0.655,1.029],[0.651,10.679],[1.212,0.03]],"o":[[-0.646,1.029],[-1.395,1.88],[-10.203,10.202],[0.03,1.212],[14.221,0.867],[1.807,-1.808],[0.74,-0.986],[5.954,-9.331],[-1.207,-0.119],[0.697,9.969]],"v":[[16.259,1.027],[14.188,4.059],[9.547,9.439],[-27.72,23.333],[-27.486,26.961],[12.099,11.991],[17.029,6.279],[19.116,3.256],[27.069,-27.594],[23.441,-27.828]],"c":true},"ix":2},"nm":"Path 1","mn":"ADBE Vector Shape - Group","hd":false},{"ty":"mm","mm":4,"nm":"Merge Paths 1","mn":"ADBE Vector Filter - Merge","hd":false},{"ty":"fl","c":{"a":0,"k":[0.808000033509,0.255000005984,0.128999986836,1],"ix":4},"o":{"a":0,"k":100,"ix":5},"r":1,"bm":0,"nm":"Fill 1","mn":"ADBE Vector Graphic - Fill","hd":false},{"ty":"tr","p":{"a":0,"k":[478.31,188.304],"ix":2},"a":{"a":0,"k":[0,0],"ix":1},"s":{"a":0,"k":[100,100],"ix":3},"r":{"a":0,"k":0,"ix":6},"o":{"a":0,"k":100,"ix":7},"sk":{"a":0,"k":0,"ix":4},"sa":{"a":0,"k":0,"ix":5},"nm":"Transform"}],"nm":"Group 5","np":3,"cix":2,"bm":0,"ix":5,"mn":"ADBE Vector Group","hd":false},{"ty":"gr","it":[{"ind":0,"ty":"sh","ix":1,"ks":{"a":0,"k":{"i":[[-10.083,10.083],[0,0],[-0.978,0.825],[-11.964,-0.353],[-1.207,-0.119],[-8.366,-8.247],[-0.094,-0.094],[-0.765,-0.885],[0.918,-12.793],[0.179,-1.217],[6.018,-7.216],[0.931,-0.948],[0.144,-0.145],[10.211,-1.501],[1.226,-0.085],[10.342,9.177],[0.718,0.719],[0.213,0.23],[1.098,10.683],[0.03,1.213]],"o":[[0,0],[0.923,-0.914],[9.659,-8.238],[1.212,0.03],[10.857,1.111],[0.092,0.085],[0.842,0.842],[8.936,10.287],[-0.085,1.225],[-1.293,8.794],[-0.834,1.004],[-0.141,0.149],[-7.859,7.859],[-1.217,0.179],[-12.957,0.931],[-0.753,-0.659],[-0.226,-0.226],[-8.003,-8.301],[-0.119,-1.208],[-0.386,-13.204]],"v":[[-35.37,-35.393],[-35.277,-35.487],[-32.432,-38.102],[1.251,-49.934],[4.878,-49.7],[34.665,-35.665],[34.945,-35.393],[37.36,-32.799],[49.379,3.358],[48.983,7.02],[38.02,31.549],[35.375,34.484],[34.945,34.922],[7.043,48.96],[3.38,49.356],[-33.167,36.989],[-35.37,34.922],[-36.034,34.241],[-49.677,4.855],[-49.911,1.227]],"c":true},"ix":2},"nm":"Path 1","mn":"ADBE Vector Shape - Group","hd":false},{"ty":"mm","mm":4,"nm":"Merge Paths 1","mn":"ADBE Vector Filter - Merge","hd":false},{"ty":"fl","c":{"a":0,"k":[0.948999980852,0.383999992819,0.231000010173,1],"ix":4},"o":{"a":0,"k":100,"ix":5},"r":1,"bm":0,"nm":"Fill 1","mn":"ADBE Vector Graphic - Fill","hd":false},{"ty":"tr","p":{"a":0,"k":[500.501,210.41],"ix":2},"a":{"a":0,"k":[0,0],"ix":1},"s":{"a":0,"k":[100,100],"ix":3},"r":{"a":0,"k":0,"ix":6},"o":{"a":0,"k":100,"ix":7},"sk":{"a":0,"k":0,"ix":4},"sa":{"a":0,"k":0,"ix":5},"nm":"Transform"}],"nm":"Group 6","np":3,"cix":2,"bm":0,"ix":6,"mn":"ADBE Vector Group","hd":false}],"ip":0,"op":600,"st":0,"bm":0},{"ddd":0,"ind":5,"ty":4,"nm":"Layer 3 Outlines","parent":2,"sr":1,"ks":{"o":{"a":0,"k":100,"ix":11},"r":{"a":0,"k":0,"ix":10},"p":{"a":0,"k":[50.012,-181.8,0],"ix":2},"a":{"a":0,"k":[500.012,268.2,0],"ix":1},"s":{"a":1,"k":[{"i":{"x":[0.323,0.323,0.667],"y":[1,1,1]},"o":{"x":[0.667,0.667,0.333],"y":[0,0,0]},"t":60,"s":[0,0,100]},{"i":{"x":[0.309,0.309,0.667],"y":[1,1,1]},"o":{"x":[0.657,0.657,0.333],"y":[0,0,0]},"t":100,"s":[103,103,100]},{"t":120,"s":[100,100,100]}],"ix":6}},"ao":0,"shapes":[{"ty":"gr","it":[{"ind":0,"ty":"sh","ix":1,"ks":{"a":0,"k":{"i":[[2.55,0],[0,0],[0,-2.55],[0,0],[-2.55,0],[0,0],[0,-2.55],[0,0]],"o":[[0,0],[-2.55,0],[0,0],[0,-2.55],[0,0],[2.55,0],[0,0],[0,-2.55]],"v":[[98.185,-3.766],[-98.184,-3.766],[-102.801,0.85],[-102.801,3.766],[-98.184,-0.85],[98.185,-0.85],[102.801,3.766],[102.801,0.85]],"c":true},"ix":2},"nm":"Path 1","mn":"ADBE Vector Shape - Group","hd":false},{"ty":"mm","mm":4,"nm":"Merge Paths 1","mn":"ADBE Vector Filter - Merge","hd":false},{"ty":"fl","c":{"a":0,"k":[1,0.442999985639,0.442999985639,1],"ix":4},"o":{"a":0,"k":100,"ix":5},"r":1,"bm":0,"nm":"Fill 1","mn":"ADBE Vector Graphic - Fill","hd":false},{"ty":"tr","p":{"a":0,"k":[500.012,271.966],"ix":2},"a":{"a":0,"k":[0,0],"ix":1},"s":{"a":0,"k":[100,100],"ix":3},"r":{"a":0,"k":0,"ix":6},"o":{"a":0,"k":100,"ix":7},"sk":{"a":0,"k":0,"ix":4},"sa":{"a":0,"k":0,"ix":5},"nm":"Transform"}],"nm":"Group 1","np":3,"cix":2,"bm":0,"ix":1,"mn":"ADBE Vector Group","hd":false},{"ty":"gr","it":[{"ind":0,"ty":"sh","ix":1,"ks":{"a":0,"k":{"i":[[2.55,0],[0,0],[0,2.55],[0,0],[-2.549,0],[0,0],[0,2.549],[0,0]],"o":[[0,0],[-2.549,0],[0,0],[0,2.549],[0,0],[2.55,0],[0,0],[0,2.55]],"v":[[98.185,1.013],[-98.185,1.013],[-102.801,-3.604],[-102.801,-1.012],[-98.185,3.604],[98.185,3.604],[102.801,-1.012],[102.801,-3.604]],"c":true},"ix":2},"nm":"Path 1","mn":"ADBE Vector Shape - Group","hd":false},{"ty":"mm","mm":4,"nm":"Merge Paths 1","mn":"ADBE Vector Filter - Merge","hd":false},{"ty":"fl","c":{"a":0,"k":[0.819999964097,0.258999992819,0.258999992819,1],"ix":4},"o":{"a":0,"k":100,"ix":5},"r":1,"bm":0,"nm":"Fill 1","mn":"ADBE Vector Graphic - Fill","hd":false},{"ty":"tr","p":{"a":0,"k":[500.012,281.95],"ix":2},"a":{"a":0,"k":[0,0],"ix":1},"s":{"a":0,"k":[100,100],"ix":3},"r":{"a":0,"k":0,"ix":6},"o":{"a":0,"k":100,"ix":7},"sk":{"a":0,"k":0,"ix":4},"sa":{"a":0,"k":0,"ix":5},"nm":"Transform"}],"nm":"Group 2","np":3,"cix":2,"bm":0,"ix":2,"mn":"ADBE Vector Group","hd":false},{"ty":"gr","it":[{"ind":0,"ty":"sh","ix":1,"ks":{"a":0,"k":{"i":[[2.55,0],[0,0],[0,-2.55],[0,0],[-2.55,0],[0,0],[0,2.549],[0,0]],"o":[[0,0],[-2.55,0],[0,0],[0,2.549],[0,0],[2.55,0],[0,0],[0,-2.55]],"v":[[98.185,-8.678],[-98.184,-8.678],[-102.801,-4.061],[-102.801,4.061],[-98.184,8.678],[98.185,8.678],[102.801,4.061],[102.801,-4.061]],"c":true},"ix":2},"nm":"Path 1","mn":"ADBE Vector Shape - Group","hd":false},{"ty":"mm","mm":4,"nm":"Merge Paths 1","mn":"ADBE Vector Filter - Merge","hd":false},{"ty":"fl","c":{"a":0,"k":[0.941000007181,0.328999986836,0.328999986836,1],"ix":4},"o":{"a":0,"k":100,"ix":5},"r":1,"bm":0,"nm":"Fill 1","mn":"ADBE Vector Graphic - Fill","hd":false},{"ty":"tr","p":{"a":0,"k":[500.012,276.877],"ix":2},"a":{"a":0,"k":[0,0],"ix":1},"s":{"a":0,"k":[100,100],"ix":3},"r":{"a":0,"k":0,"ix":6},"o":{"a":0,"k":100,"ix":7},"sk":{"a":0,"k":0,"ix":4},"sa":{"a":0,"k":0,"ix":5},"nm":"Transform"}],"nm":"Group 3","np":3,"cix":2,"bm":0,"ix":3,"mn":"ADBE Vector Group","hd":false},{"ty":"gr","it":[{"ind":0,"ty":"sh","ix":1,"ks":{"a":0,"k":{"i":[[0,0],[0,0],[0.719,2.023],[0,0],[0,0],[0,0],[0,0],[0,0],[0,0],[0,0],[0,0],[0,0],[0,0],[0,0],[0,0],[0,0],[0,0],[0,0],[0,0],[0,0],[0,0],[0,0],[0,0],[0,0],[0.092,-0.626],[-0.37,-1.458],[0,0],[0,0]],"o":[[0,0],[0.534,-2.075],[0,0],[0,0],[0,0],[0,0],[0,0],[0,0],[0,0],[0,0],[0,0],[0,0],[0,0],[0,0],[0,0],[0,0],[0,0],[0,0],[0,0],[0,0],[0,0],[0,0],[0,0],[-0.206,0.606],[-0.246,1.469],[0,0],[0,0],[0,0]],"v":[[-55.676,62.272],[-53.077,43.081],[-53.355,36.805],[-60.308,17.076],[-61.427,13.871],[-62.978,9.485],[-65.402,2.605],[-71.482,-14.669],[-72.612,-17.875],[-81.947,-44.372],[-83.077,-47.577],[-88.438,-62.797],[88.438,-62.797],[86.486,-57.271],[85.346,-54.016],[82.018,-44.588],[79.698,-38.005],[75.877,-27.138],[74.727,-23.893],[64.6,4.844],[63.461,8.089],[57.195,25.878],[54.885,32.44],[53.344,36.805],[52.882,38.654],[53.077,43.081],[53.138,43.326],[55.809,62.797]],"c":false},"ix":2},"nm":"Path 1","mn":"ADBE Vector Shape - Group","hd":false},{"ty":"st","c":{"a":0,"k":[0.234999997008,0.325,0.4,1],"ix":3},"o":{"a":0,"k":100,"ix":4},"w":{"a":0,"k":5.507,"ix":5},"lc":1,"lj":1,"ml":10,"bm":0,"nm":"Stroke 1","mn":"ADBE Vector Graphic - Stroke","hd":false},{"ty":"tr","p":{"a":0,"k":[500.013,348.352],"ix":2},"a":{"a":0,"k":[0,0],"ix":1},"s":{"a":0,"k":[100,100],"ix":3},"r":{"a":0,"k":0,"ix":6},"o":{"a":0,"k":100,"ix":7},"sk":{"a":0,"k":0,"ix":4},"sa":{"a":0,"k":0,"ix":5},"nm":"Transform"}],"nm":"Group 4","np":2,"cix":2,"bm":0,"ix":4,"mn":"ADBE Vector Group","hd":false},{"ty":"gr","it":[{"ind":0,"ty":"sh","ix":1,"ks":{"a":0,"k":{"i":[[0,0],[0,0],[0,0],[0,0],[0,0],[0,0],[0,0],[0,0],[0,0],[0,0],[0,0],[0,0],[0,0],[0,0],[0,0],[0,0],[0,0],[0,0],[0,0],[0,0],[0,0],[0,0]],"o":[[0,0],[0,0],[0,0],[0,0],[0,0],[0,0],[0,0],[0,0],[0,0],[0,0],[0,0],[0,0],[0,0],[0,0],[0,0],[0,0],[0,0],[0,0],[0,0],[0,0],[0,0],[0,0]],"v":[[32.736,33.442],[28.881,33.442],[22.593,27.017],[21.244,25.641],[19.317,23.676],[4.695,8.733],[2.768,6.759],[-15.369,-11.762],[-17.297,-13.726],[-19.931,-16.426],[-30.569,-27.293],[-32.607,-33.085],[-32.736,-33.442],[-32.497,-33.194],[-22.097,-22.575],[-15.324,-15.655],[-13.396,-13.681],[4.741,4.842],[6.659,6.806],[21.29,21.749],[23.217,23.714],[26.448,27.017]],"c":true},"ix":2},"nm":"Path 1","mn":"ADBE Vector Shape - Group","hd":false},{"ty":"mm","mm":4,"nm":"Merge Paths 1","mn":"ADBE Vector Filter - Merge","hd":false},{"ty":"fl","c":{"a":0,"k":[0.141000007181,0.219999994016,0.286000001197,1],"ix":4},"o":{"a":0,"k":100,"ix":5},"r":1,"bm":0,"nm":"Fill 1","mn":"ADBE Vector Graphic - Fill","hd":false},{"ty":"tr","p":{"a":0,"k":[462.742,373.005],"ix":2},"a":{"a":0,"k":[0,0],"ix":1},"s":{"a":0,"k":[100,100],"ix":3},"r":{"a":0,"k":0,"ix":6},"o":{"a":0,"k":100,"ix":7},"sk":{"a":0,"k":0,"ix":4},"sa":{"a":0,"k":0,"ix":5},"nm":"Transform"}],"nm":"Group 5","np":3,"cix":2,"bm":0,"ix":5,"mn":"ADBE Vector Group","hd":false},{"ty":"gr","it":[{"ind":0,"ty":"sh","ix":1,"ks":{"a":0,"k":{"i":[[0,0],[0,0],[0,0],[0,0],[0,0],[0,0],[0,0],[0,0],[0,0],[0,0],[0,0],[0,0],[0,0],[0,0],[0,0],[0,0],[0,0],[0,0],[0,0],[0,0],[0,0],[0,0],[0,0],[0,0],[0,0],[0,0],[0,0],[0,0],[0,0],[0,0],[0,0],[0,0]],"o":[[0,0],[0,0],[0,0],[0,0],[0,0],[0,0],[0,0],[0,0],[0,0],[0,0],[0,0],[0,0],[0,0],[0,0],[0,0],[0,0],[0,0],[0,0],[0,0],[0,0],[0,0],[0,0],[0,0],[0,0],[0,0],[0,0],[0,0],[0,0],[0,0],[0,0],[0,0],[0,0]],"v":[[61.098,60.446],[57.233,60.446],[50.947,54.021],[50.037,53.086],[48.11,51.13],[29.412,32.029],[27.486,30.055],[12.891,15.141],[10.964,13.175],[-7.155,-5.338],[-9.083,-7.302],[-26.21,-24.805],[-28.138,-26.779],[-44.091,-43.07],[-46.027,-45.044],[-54.811,-54.021],[-61.098,-60.446],[-57.234,-60.446],[-50.947,-54.021],[-44.044,-46.971],[-42.117,-44.998],[-26.164,-28.698],[-24.237,-26.732],[-7.1,-9.229],[-5.173,-7.255],[12.938,11.248],[14.865,13.214],[29.458,28.128],[31.386,30.093],[50.083,49.193],[52.001,51.158],[54.81,54.021]],"c":true},"ix":2},"nm":"Path 1","mn":"ADBE Vector Shape - Group","hd":false},{"ty":"mm","mm":4,"nm":"Merge Paths 1","mn":"ADBE Vector Filter - Merge","hd":false},{"ty":"fl","c":{"a":0,"k":[0.141000007181,0.219999994016,0.286000001197,1],"ix":4},"o":{"a":0,"k":100,"ix":5},"r":1,"bm":0,"nm":"Fill 1","mn":"ADBE Vector Graphic - Fill","hd":false},{"ty":"tr","p":{"a":0,"k":[475.639,346.001],"ix":2},"a":{"a":0,"k":[0,0],"ix":1},"s":{"a":0,"k":[100,100],"ix":3},"r":{"a":0,"k":0,"ix":6},"o":{"a":0,"k":100,"ix":7},"sk":{"a":0,"k":0,"ix":4},"sa":{"a":0,"k":0,"ix":5},"nm":"Transform"}],"nm":"Group 6","np":3,"cix":2,"bm":0,"ix":6,"mn":"ADBE Vector Group","hd":false},{"ty":"gr","it":[{"ind":0,"ty":"sh","ix":1,"ks":{"a":0,"k":{"i":[[-0.046,-0.496],[0,0],[0,0],[0,0],[0,0],[0,0],[0,0],[0,0],[0,0],[0,0],[0,0],[0,0],[0,0],[0,0],[0,0],[0,0],[0,0],[0,0],[0,0],[0,0],[0,0],[0,0],[0,0],[0,0],[0,0],[0,0],[0,0],[0,0],[0,0],[0,0]],"o":[[0,0],[0,0],[0,0],[0,0],[0,0],[0,0],[0,0],[0,0],[0,0],[0,0],[0,0],[0,0],[0,0],[0,0],[0,0],[0,0],[0,0],[0,0],[0,0],[0,0],[0,0],[0,0],[0,0],[0,0],[0,0],[0,0],[0,0],[0,0],[0,0],[0.128,0.496]],"v":[[53.87,55.177],[44.993,46.091],[40.899,41.896],[38.982,39.932],[20.313,20.802],[18.385,18.83],[3.827,3.924],[1.909,1.95],[-16.173,-16.563],[-18.1,-18.536],[-35.182,-36.03],[-37.1,-38.004],[-47.6,-48.753],[-53.035,-54.324],[-53.87,-55.177],[-50.023,-55.177],[-43.746,-48.753],[-35.126,-39.923],[-33.199,-37.949],[-16.128,-20.464],[-14.199,-18.49],[3.874,0.031],[5.801,1.996],[20.348,16.911],[22.276,18.876],[40.945,38.005],[42.865,39.969],[44.764,41.915],[52.648,49.992],[53.603,53.682]],"c":true},"ix":2},"nm":"Path 1","mn":"ADBE Vector Shape - Group","hd":false},{"ty":"mm","mm":4,"nm":"Merge Paths 1","mn":"ADBE Vector Filter - Merge","hd":false},{"ty":"fl","c":{"a":0,"k":[0.141000007181,0.219999994016,0.286000001197,1],"ix":4},"o":{"a":0,"k":100,"ix":5},"r":1,"bm":0,"nm":"Fill 1","mn":"ADBE Vector Graphic - Fill","hd":false},{"ty":"tr","p":{"a":0,"k":[501.591,340.733],"ix":2},"a":{"a":0,"k":[0,0],"ix":1},"s":{"a":0,"k":[100,100],"ix":3},"r":{"a":0,"k":0,"ix":6},"o":{"a":0,"k":100,"ix":7},"sk":{"a":0,"k":0,"ix":4},"sa":{"a":0,"k":0,"ix":5},"nm":"Transform"}],"nm":"Group 7","np":3,"cix":2,"bm":0,"ix":7,"mn":"ADBE Vector Group","hd":false},{"ty":"gr","it":[{"ind":0,"ty":"sh","ix":1,"ks":{"a":0,"k":{"i":[[0,0],[0,0],[0,0],[0,0],[0,0],[0,0],[0,0],[0,0],[0,0],[0,0],[0,0],[0,0],[0,0],[0,0],[0,0],[0,0],[0,0],[0,0],[0,0],[0,0]],"o":[[0,0],[0,0],[0,0],[0,0],[0,0],[0,0],[0,0],[0,0],[0,0],[0,0],[0,0],[0,0],[0,0],[0,0],[0,0],[0,0],[0,0],[0,0],[0,0],[0,0]],"v":[[37.022,34.562],[36.003,37.454],[30.992,32.322],[17.536,18.509],[15.609,16.535],[1.088,1.647],[-0.831,-0.326],[-18.875,-18.84],[-20.803,-20.822],[-30.753,-31.029],[-37.022,-37.454],[-33.167,-37.454],[-26.907,-31.029],[-18.83,-22.741],[-16.902,-20.767],[1.143,-2.254],[3.061,-0.28],[17.582,14.608],[19.501,16.582],[32.011,29.423]],"c":true},"ix":2},"nm":"Path 1","mn":"ADBE Vector Shape - Group","hd":false},{"ty":"mm","mm":4,"nm":"Merge Paths 1","mn":"ADBE Vector Filter - Merge","hd":false},{"ty":"fl","c":{"a":0,"k":[0.141000007181,0.219999994016,0.286000001197,1],"ix":4},"o":{"a":0,"k":100,"ix":5},"r":1,"bm":0,"nm":"Fill 1","mn":"ADBE Vector Graphic - Fill","hd":false},{"ty":"tr","p":{"a":0,"k":[524.818,323.008],"ix":2},"a":{"a":0,"k":[0,0],"ix":1},"s":{"a":0,"k":[100,100],"ix":3},"r":{"a":0,"k":0,"ix":6},"o":{"a":0,"k":100,"ix":7},"sk":{"a":0,"k":0,"ix":4},"sa":{"a":0,"k":0,"ix":5},"nm":"Transform"}],"nm":"Group 8","np":3,"cix":2,"bm":0,"ix":8,"mn":"ADBE Vector Group","hd":false},{"ty":"gr","it":[{"ind":0,"ty":"sh","ix":1,"ks":{"a":0,"k":{"i":[[0,0],[0,0],[0,0],[0,0],[0,0],[0,0],[0,0],[0,0],[0,0],[0,0],[0,0],[0,0],[0,0],[0,0],[0,0]],"o":[[0,0],[0,0],[0,0],[0,0],[0,0],[0,0],[0,0],[0,0],[0,0],[0,0],[0,0],[0,0],[0,0],[0,0],[0,0]],"v":[[9.936,6.81],[9.275,8.692],[8.917,9.711],[8.578,9.371],[6.66,7.389],[3.915,4.561],[-3.704,-3.286],[-7.779,-7.481],[-9.697,-9.463],[-9.936,-9.711],[-6.099,-9.711],[-5.805,-9.409],[0.143,-3.286],[4.934,1.652],[8.633,5.461]],"c":true},"ix":2},"nm":"Path 1","mn":"ADBE Vector Shape - Group","hd":false},{"ty":"mm","mm":4,"nm":"Merge Paths 1","mn":"ADBE Vector Filter - Merge","hd":false},{"ty":"fl","c":{"a":0,"k":[0.141000007181,0.219999994016,0.286000001197,1],"ix":4},"o":{"a":0,"k":100,"ix":5},"r":1,"bm":0,"nm":"Fill 1","mn":"ADBE Vector Graphic - Fill","hd":false},{"ty":"tr","p":{"a":0,"k":[571.455,295.266],"ix":2},"a":{"a":0,"k":[0,0],"ix":1},"s":{"a":0,"k":[100,100],"ix":3},"r":{"a":0,"k":0,"ix":6},"o":{"a":0,"k":100,"ix":7},"sk":{"a":0,"k":0,"ix":4},"sa":{"a":0,"k":0,"ix":5},"nm":"Transform"}],"nm":"Group 9","np":3,"cix":2,"bm":0,"ix":9,"mn":"ADBE Vector Group","hd":false},{"ty":"gr","it":[{"ind":0,"ty":"sh","ix":1,"ks":{"a":0,"k":{"i":[[0,0],[0,0],[0,0],[0,0],[0,0],[0,0],[0,0],[0,0],[0,0],[0,0],[0,0],[0,0],[0,0],[0,0],[0,0],[0,0]],"o":[[0,0],[0,0],[0,0],[0,0],[0,0],[0,0],[0,0],[0,0],[0,0],[0,0],[0,0],[0,0],[0,0],[0,0],[0,0],[0,0]],"v":[[23.01,20.271],[21.982,23.172],[16.98,18.023],[12.867,13.792],[10.949,11.809],[-3.516,-3.089],[-5.434,-5.061],[-16.77,-16.746],[-23.011,-23.172],[-19.166,-23.172],[-12.925,-16.746],[-3.462,-6.99],[-1.543,-5.016],[12.923,9.88],[14.841,11.854],[18.008,15.122]],"c":true},"ix":2},"nm":"Path 1","mn":"ADBE Vector Shape - Group","hd":false},{"ty":"mm","mm":4,"nm":"Merge Paths 1","mn":"ADBE Vector Filter - Merge","hd":false},{"ty":"fl","c":{"a":0,"k":[0.141000007181,0.219999994016,0.286000001197,1],"ix":4},"o":{"a":0,"k":100,"ix":5},"r":1,"bm":0,"nm":"Fill 1","mn":"ADBE Vector Graphic - Fill","hd":false},{"ty":"tr","p":{"a":0,"k":[548.899,308.726],"ix":2},"a":{"a":0,"k":[0,0],"ix":1},"s":{"a":0,"k":[100,100],"ix":3},"r":{"a":0,"k":0,"ix":6},"o":{"a":0,"k":100,"ix":7},"sk":{"a":0,"k":0,"ix":4},"sa":{"a":0,"k":0,"ix":5},"nm":"Transform"}],"nm":"Group 10","np":3,"cix":2,"bm":0,"ix":10,"mn":"ADBE Vector Group","hd":false},{"ty":"gr","it":[{"ind":0,"ty":"sh","ix":1,"ks":{"a":0,"k":{"i":[[0,0],[0,0],[0,0],[0,0],[0,0],[0,0],[0,0],[0,0],[0,0],[0,0],[0,0],[0,0],[0,0],[0,0],[0,0],[0,0]],"o":[[0,0],[0,0],[0,0],[0,0],[0,0],[0,0],[0,0],[0,0],[0,0],[0,0],[0,0],[0,0],[0,0],[0,0],[0,0],[0,0]],"v":[[23.19,-22.699],[21.125,-16.834],[10.725,-6.655],[7.036,-3.048],[5.071,-1.12],[-9.78,13.41],[-11.744,15.338],[-12.699,16.274],[-19.261,22.699],[-23.19,22.699],[-16.627,16.274],[-13.671,13.383],[-11.698,11.446],[3.153,-3.084],[5.117,-5.012],[12.791,-12.52]],"c":true},"ix":2},"nm":"Path 1","mn":"ADBE Vector Shape - Group","hd":false},{"ty":"mm","mm":4,"nm":"Merge Paths 1","mn":"ADBE Vector Filter - Merge","hd":false},{"ty":"fl","c":{"a":0,"k":[0.141000007181,0.219999994016,0.286000001197,1],"ix":4},"o":{"a":0,"k":100,"ix":5},"r":1,"bm":0,"nm":"Fill 1","mn":"ADBE Vector Graphic - Fill","hd":false},{"ty":"tr","p":{"a":0,"k":[537.42,383.748],"ix":2},"a":{"a":0,"k":[0,0],"ix":1},"s":{"a":0,"k":[100,100],"ix":3},"r":{"a":0,"k":0,"ix":6},"o":{"a":0,"k":100,"ix":7},"sk":{"a":0,"k":0,"ix":4},"sa":{"a":0,"k":0,"ix":5},"nm":"Transform"}],"nm":"Group 11","np":3,"cix":2,"bm":0,"ix":11,"mn":"ADBE Vector Group","hd":false},{"ty":"gr","it":[{"ind":0,"ty":"sh","ix":1,"ks":{"a":0,"k":{"i":[[0,0],[0,0],[0,0],[0,0],[0,0],[0,0],[0,0],[0,0],[0,0],[0,0],[0,0],[0,0],[0,0],[0,0],[0,0],[0,0],[0,0],[0,0],[0,0],[0,0],[0,0],[0,0],[0,0],[0,0],[0,0],[0,0],[0,0],[0,0],[0,0],[0,0],[0,0],[0,0]],"o":[[0,0],[0,0],[0,0],[0,0],[0,0],[0,0],[0,0],[0,0],[0,0],[0,0],[0,0],[0,0],[0,0],[0,0],[0,0],[0,0],[0,0],[0,0],[0,0],[0,0],[0,0],[0,0],[0,0],[0,0],[0,0],[0,0],[0,0],[0,0],[0,0],[0,0],[0,0],[0,0]],"v":[[55.362,-54.191],[53.948,-50.18],[53.286,-48.298],[52.589,-47.619],[42.878,-38.119],[36.297,-31.676],[34.323,-29.739],[16.875,-12.667],[14.91,-10.739],[-3.576,7.352],[-5.539,9.279],[-20.418,23.837],[-22.392,25.773],[-41.483,44.461],[-43.457,46.389],[-44.861,47.766],[-51.423,54.191],[-55.362,54.191],[-48.798,47.766],[-45.384,44.425],[-43.41,42.497],[-24.319,23.8],[-22.345,21.872],[-7.466,7.306],[-5.503,5.388],[12.983,-12.712],[14.956,-14.64],[32.405,-31.722],[34.379,-33.649],[44.952,-44.003],[50.672,-49.602],[52.644,-51.529]],"c":true},"ix":2},"nm":"Path 1","mn":"ADBE Vector Shape - Group","hd":false},{"ty":"mm","mm":4,"nm":"Merge Paths 1","mn":"ADBE Vector Filter - Merge","hd":false},{"ty":"fl","c":{"a":0,"k":[0.141000007181,0.219999994016,0.286000001197,1],"ix":4},"o":{"a":0,"k":100,"ix":5},"r":1,"bm":0,"nm":"Fill 1","mn":"ADBE Vector Graphic - Fill","hd":false},{"ty":"tr","p":{"a":0,"k":[527.443,352.256],"ix":2},"a":{"a":0,"k":[0,0],"ix":1},"s":{"a":0,"k":[100,100],"ix":3},"r":{"a":0,"k":0,"ix":6},"o":{"a":0,"k":100,"ix":7},"sk":{"a":0,"k":0,"ix":4},"sa":{"a":0,"k":0,"ix":5},"nm":"Transform"}],"nm":"Group 12","np":3,"cix":2,"bm":0,"ix":12,"mn":"ADBE Vector Group","hd":false},{"ty":"gr","it":[{"ind":0,"ty":"sh","ix":1,"ks":{"a":0,"k":{"i":[[0,0],[0,0],[0,0],[0,0],[0,0],[0,0],[0,0],[0,0],[0,0],[0,0],[0,0],[0,0],[0,0],[0,0],[0,0],[0,0],[0.175,0.229],[0.276,0.569],[0,0],[0,0],[0,0],[0,0],[0,0],[0,0],[0,0],[0,0],[0,0],[0,0],[0,0],[0,0],[0,0],[0,0]],"o":[[0,0],[0,0],[0,0],[0,0],[0,0],[0,0],[0,0],[0,0],[0,0],[0,0],[0,0],[0,0],[0,0],[0,0],[0,0],[-0.202,-0.211],[-0.395,-0.514],[0,0],[0,0],[0,0],[0,0],[0,0],[0,0],[0,0],[0,0],[0,0],[0,0],[0,0],[0,0],[0,0],[0,0],[0,0]],"v":[[61.14,-58.909],[60.828,-58.605],[58.854,-56.678],[54.558,-52.483],[42.534,-40.753],[40.56,-38.826],[23.057,-21.734],[21.083,-19.807],[2.571,-1.734],[0.597,0.194],[-14.318,14.75],[-16.292,16.677],[-35.42,35.348],[-37.384,37.276],[-54.952,54.421],[-59.551,58.909],[-60.12,58.249],[-61.139,56.615],[-55.485,51.089],[-39.313,35.302],[-37.339,33.384],[-18.219,14.714],[-16.246,12.786],[-1.321,-1.78],[0.643,-3.698],[19.164,-21.78],[21.138,-23.708],[38.643,-40.799],[40.615,-42.727],[50.612,-52.483],[56.935,-58.66],[57.193,-58.909]],"c":true},"ix":2},"nm":"Path 1","mn":"ADBE Vector Shape - Group","hd":false},{"ty":"mm","mm":4,"nm":"Merge Paths 1","mn":"ADBE Vector Filter - Merge","hd":false},{"ty":"fl","c":{"a":0,"k":[0.141000007181,0.219999994016,0.286000001197,1],"ix":4},"o":{"a":0,"k":100,"ix":5},"r":1,"bm":0,"nm":"Fill 1","mn":"ADBE Vector Graphic - Fill","hd":false},{"ty":"tr","p":{"a":0,"k":[504.822,344.463],"ix":2},"a":{"a":0,"k":[0,0],"ix":1},"s":{"a":0,"k":[100,100],"ix":3},"r":{"a":0,"k":0,"ix":6},"o":{"a":0,"k":100,"ix":7},"sk":{"a":0,"k":0,"ix":4},"sa":{"a":0,"k":0,"ix":5},"nm":"Transform"}],"nm":"Group 13","np":3,"cix":2,"bm":0,"ix":13,"mn":"ADBE Vector Group","hd":false},{"ty":"gr","it":[{"ind":0,"ty":"sh","ix":1,"ks":{"a":0,"k":{"i":[[0,0],[0,0],[0,0],[0,0],[0,0],[0,0],[0,0],[0,0],[0,0],[0,0],[0,0],[0,0],[0,0],[0,0],[0,0],[0,0],[0,0],[0,0],[0,0],[0,0],[0,0],[0,0],[0,0],[0,0]],"o":[[0,0],[0,0],[0,0],[0,0],[0,0],[0,0],[0,0],[0,0],[0,0],[0,0],[0,0],[0,0],[0,0],[0,0],[0,0],[0,0],[0,0],[0,0],[0,0],[0,0],[0,0],[0,0],[0,0],[0,0]],"v":[[42.957,-41.373],[36.366,-34.948],[25.839,-24.686],[23.865,-22.759],[5.315,-4.686],[3.34,-2.758],[-11.611,11.817],[-13.594,13.736],[-32.732,32.396],[-34.704,34.315],[-36.879,36.435],[-41.947,41.373],[-42.957,38.518],[-37.88,33.571],[-36.633,32.35],[-34.659,30.422],[-15.522,11.772],[-13.539,9.844],[1.414,-4.732],[3.387,-6.659],[21.936,-24.741],[23.91,-26.66],[32.409,-34.948],[39,-41.373]],"c":true},"ix":2},"nm":"Path 1","mn":"ADBE Vector Shape - Group","hd":false},{"ty":"fl","c":{"a":0,"k":[0.141000007181,0.219999994016,0.286000001197,1],"ix":4},"o":{"a":0,"k":100,"ix":5},"r":1,"bm":0,"nm":"Fill 1","mn":"ADBE Vector Graphic - Fill","hd":false},{"ty":"tr","p":{"a":0,"k":[482.078,326.928],"ix":2},"a":{"a":0,"k":[0,0],"ix":1},"s":{"a":0,"k":[100,100],"ix":3},"r":{"a":0,"k":0,"ix":6},"o":{"a":0,"k":100,"ix":7},"sk":{"a":0,"k":0,"ix":4},"sa":{"a":0,"k":0,"ix":5},"nm":"Transform"}],"nm":"Group 14","np":2,"cix":2,"bm":0,"ix":14,"mn":"ADBE Vector Group","hd":false},{"ty":"gr","it":[{"ind":0,"ty":"sh","ix":1,"ks":{"a":0,"k":{"i":[[0,0],[0,0],[0,0],[0,0],[0,0],[0,0],[0,0],[0,0],[0,0],[0,0],[0,0],[0,0],[0,0]],"o":[[0,0],[0,0],[0,0],[0,0],[0,0],[0,0],[0,0],[0,0],[0,0],[0,0],[0,0],[0,0],[0,0]],"v":[[14.833,-13.911],[13.952,-13.057],[8.215,-7.485],[-1.083,1.538],[-3.057,3.464],[-8.747,8.982],[-13.823,13.911],[-14.833,11.047],[-9.757,6.117],[-4.993,1.492],[-3.011,-0.435],[4.259,-7.485],[10.877,-13.911]],"c":true},"ix":2},"nm":"Path 1","mn":"ADBE Vector Shape - Group","hd":false},{"ty":"fl","c":{"a":0,"k":[0.141000007181,0.219999994016,0.286000001197,1],"ix":4},"o":{"a":0,"k":100,"ix":5},"r":1,"bm":0,"nm":"Fill 1","mn":"ADBE Vector Graphic - Fill","hd":false},{"ty":"tr","p":{"a":0,"k":[434.605,299.465],"ix":2},"a":{"a":0,"k":[0,0],"ix":1},"s":{"a":0,"k":[100,100],"ix":3},"r":{"a":0,"k":0,"ix":6},"o":{"a":0,"k":100,"ix":7},"sk":{"a":0,"k":0,"ix":4},"sa":{"a":0,"k":0,"ix":5},"nm":"Transform"}],"nm":"Group 15","np":2,"cix":2,"bm":0,"ix":15,"mn":"ADBE Vector Group","hd":false},{"ty":"gr","it":[{"ind":0,"ty":"sh","ix":1,"ks":{"a":0,"k":{"i":[[0,0],[0,0],[0,0],[0,0],[0,0],[0,0],[0,0],[0,0],[0,0],[0,0],[0,0],[0,0],[0,0],[0,0],[0,0],[0,0],[0,0],[0,0]],"o":[[0,0],[0,0],[0,0],[0,0],[0,0],[0,0],[0,0],[0,0],[0,0],[0,0],[0,0],[0,0],[0,0],[0,0],[0,0],[0,0],[0,0],[0,0]],"v":[[28.504,-27.183],[21.886,-20.757],[10.761,-9.954],[8.779,-8.035],[-6.228,6.53],[-8.202,8.459],[-22.419,22.254],[-27.385,27.072],[-27.496,27.183],[-27.624,26.824],[-28.505,24.319],[-23.429,19.391],[-10.129,6.485],[-8.156,4.566],[6.86,-10.009],[8.834,-11.928],[17.93,-20.757],[24.548,-27.183]],"c":true},"ix":2},"nm":"Path 1","mn":"ADBE Vector Shape - Group","hd":false},{"ty":"fl","c":{"a":0,"k":[0.141000007181,0.219999994016,0.286000001197,1],"ix":4},"o":{"a":0,"k":100,"ix":5},"r":1,"bm":0,"nm":"Fill 1","mn":"ADBE Vector Graphic - Fill","hd":false},{"ty":"tr","p":{"a":0,"k":[457.63,312.737],"ix":2},"a":{"a":0,"k":[0,0],"ix":1},"s":{"a":0,"k":[100,100],"ix":3},"r":{"a":0,"k":0,"ix":6},"o":{"a":0,"k":100,"ix":7},"sk":{"a":0,"k":0,"ix":4},"sa":{"a":0,"k":0,"ix":5},"nm":"Transform"}],"nm":"Group 16","np":2,"cix":2,"bm":0,"ix":16,"mn":"ADBE Vector Group","hd":false}],"ip":0,"op":600,"st":0,"bm":0},{"ddd":0,"ind":6,"ty":4,"nm":"Layer 4 Outlines","parent":2,"sr":1,"ks":{"o":{"a":0,"k":100,"ix":11},"r":{"a":0,"k":0,"ix":10},"p":{"a":0,"k":[50.012,-168.062,0],"ix":2},"a":{"a":0,"k":[500.012,281.938,0],"ix":1},"s":{"a":1,"k":[{"i":{"x":[0.323,0.323,0.667],"y":[1,1,1]},"o":{"x":[0.667,0.667,0.333],"y":[0,0,0]},"t":50,"s":[0,0,100]},{"i":{"x":[0.309,0.309,0.667],"y":[1,1,1]},"o":{"x":[0.657,0.657,0.333],"y":[0,0,0]},"t":90,"s":[103,103,100]},{"t":110,"s":[100,100,100]}],"ix":6}},"ao":0,"shapes":[{"ty":"gr","it":[{"ind":0,"ty":"sh","ix":1,"ks":{"a":0,"k":{"i":[[0,0],[0,0],[0,0],[0,0]],"o":[[0,0],[0,0],[0,0],[0,0]],"v":[[-143.296,77.259],[143.296,77.259],[143.296,-77.261],[-143.296,-77.261]],"c":true},"ix":2},"nm":"Path 1","mn":"ADBE Vector Shape - Group","hd":false},{"ind":1,"ty":"sh","ix":2,"ks":{"a":0,"k":{"i":[[0,0],[0,0],[0,0],[0,0]],"o":[[0,0],[0,0],[0,0],[0,0]],"v":[[149.721,83.685],[-149.721,83.685],[-149.721,-83.685],[149.721,-83.685]],"c":true},"ix":2},"nm":"Path 2","mn":"ADBE Vector Shape - Group","hd":false},{"ty":"mm","mm":1,"nm":"Merge Paths 1","mn":"ADBE Vector Filter - Merge","hd":false},{"ty":"fl","c":{"a":0,"k":[0.941000007181,0.328999986836,0.328999986836,1],"ix":4},"o":{"a":0,"k":100,"ix":5},"r":1,"bm":0,"nm":"Fill 1","mn":"ADBE Vector Graphic - Fill","hd":false},{"ty":"tr","p":{"a":0,"k":[500.012,281.938],"ix":2},"a":{"a":0,"k":[0,0],"ix":1},"s":{"a":0,"k":[100,100],"ix":3},"r":{"a":0,"k":0,"ix":6},"o":{"a":0,"k":100,"ix":7},"sk":{"a":0,"k":0,"ix":4},"sa":{"a":0,"k":0,"ix":5},"nm":"Transform"}],"nm":"Group 1","np":4,"cix":2,"bm":0,"ix":1,"mn":"ADBE Vector Group","hd":false}],"ip":0,"op":600,"st":0,"bm":0},{"ddd":0,"ind":7,"ty":4,"nm":"Layer 5 Outlines","parent":2,"sr":1,"ks":{"o":{"a":0,"k":100,"ix":11},"r":{"a":0,"k":0,"ix":10},"p":{"a":0,"k":[50.013,-61.938,0],"ix":2},"a":{"a":0,"k":[500.013,388.062,0],"ix":1},"s":{"a":1,"k":[{"i":{"x":[0.323,0.323,0.667],"y":[1,1,1]},"o":{"x":[0.667,0.667,0.333],"y":[0,0,0]},"t":40,"s":[0,0,100]},{"i":{"x":[0.309,0.309,0.667],"y":[1,1,1]},"o":{"x":[0.657,0.657,0.333],"y":[0,0,0]},"t":80,"s":[103,103,100]},{"t":100,"s":[100,100,100]}],"ix":6}},"ao":0,"shapes":[{"ty":"gr","it":[{"ind":0,"ty":"sh","ix":1,"ks":{"a":0,"k":{"i":[[0,0],[0,0],[0,0]],"o":[[0,0],[0,0],[0,0]],"v":[[-173.639,106.124],[-173.639,-106.124],[173.638,-106.124]],"c":true},"ix":2},"nm":"Path 1","mn":"ADBE Vector Shape - Group","hd":false},{"ty":"fl","c":{"a":0,"k":[0.866999966491,0.866999966491,0.866999966491,1],"ix":4},"o":{"a":0,"k":100,"ix":5},"r":1,"bm":0,"nm":"Fill 1","mn":"ADBE Vector Graphic - Fill","hd":false},{"ty":"tr","p":{"a":0,"k":[500.013,281.938],"ix":2},"a":{"a":0,"k":[0,0],"ix":1},"s":{"a":0,"k":[100,100],"ix":3},"r":{"a":0,"k":0,"ix":6},"o":{"a":0,"k":100,"ix":7},"sk":{"a":0,"k":0,"ix":4},"sa":{"a":0,"k":0,"ix":5},"nm":"Transform"}],"nm":"Group 1","np":2,"cix":2,"bm":0,"ix":1,"mn":"ADBE Vector Group","hd":false},{"ty":"gr","it":[{"ind":0,"ty":"sh","ix":1,"ks":{"a":0,"k":{"i":[[0,0],[0,0],[0,0],[0,0]],"o":[[0,0],[0,0],[0,0],[0,0]],"v":[[173.638,106.125],[-173.639,106.125],[-173.639,-106.125],[173.638,-106.125]],"c":true},"ix":2},"nm":"Path 1","mn":"ADBE Vector Shape - Group","hd":false},{"ty":"fl","c":{"a":0,"k":[0.791999966491,0.795999983245,0.8,1],"ix":4},"o":{"a":0,"k":100,"ix":5},"r":1,"bm":0,"nm":"Fill 1","mn":"ADBE Vector Graphic - Fill","hd":false},{"ty":"tr","p":{"a":0,"k":[500.013,281.938],"ix":2},"a":{"a":0,"k":[0,0],"ix":1},"s":{"a":0,"k":[100,100],"ix":3},"r":{"a":0,"k":0,"ix":6},"o":{"a":0,"k":100,"ix":7},"sk":{"a":0,"k":0,"ix":4},"sa":{"a":0,"k":0,"ix":5},"nm":"Transform"}],"nm":"Group 2","np":2,"cix":2,"bm":0,"ix":2,"mn":"ADBE Vector Group","hd":false}],"ip":0,"op":600,"st":0,"bm":0},{"ddd":0,"ind":8,"ty":4,"nm":"Layer 6 Outlines","parent":2,"sr":1,"ks":{"o":{"a":0,"k":100,"ix":11},"r":{"a":0,"k":0,"ix":10},"p":{"a":0,"k":[50.013,350.69,0],"ix":2},"a":{"a":0,"k":[500.013,800.69,0],"ix":1},"s":{"a":1,"k":[{"i":{"x":[0.323,0.323,0.667],"y":[1,1,1]},"o":{"x":[0.667,0.667,0.333],"y":[0,0,0]},"t":10,"s":[0,0,100]},{"i":{"x":[0.309,0.309,0.667],"y":[1,1,1]},"o":{"x":[0.657,0.657,0.333],"y":[0,0,0]},"t":50,"s":[103,103,100]},{"t":70,"s":[100,100,100]}],"ix":6}},"ao":0,"shapes":[{"ty":"gr","it":[{"ind":0,"ty":"sh","ix":1,"ks":{"a":0,"k":{"i":[[0,-15.53],[0,0],[0,0],[0,0],[0,0]],"o":[[0,0],[0,0],[0,0],[0,0],[15.539,0]],"v":[[16.421,-73.227],[16.421,101.351],[-16.421,101.351],[-16.421,-101.351],[-11.712,-101.351]],"c":true},"ix":2},"nm":"Path 1","mn":"ADBE Vector Shape - Group","hd":false},{"ty":"mm","mm":4,"nm":"Merge Paths 1","mn":"ADBE Vector Filter - Merge","hd":false},{"ty":"fl","c":{"a":0,"k":[0.141000007181,0.219999994016,0.286000001197,1],"ix":4},"o":{"a":0,"k":100,"ix":5},"r":1,"bm":0,"nm":"Fill 1","mn":"ADBE Vector Graphic - Fill","hd":false},{"ty":"tr","p":{"a":0,"k":[516.433,699.338],"ix":2},"a":{"a":0,"k":[0,0],"ix":1},"s":{"a":0,"k":[100,100],"ix":3},"r":{"a":0,"k":0,"ix":6},"o":{"a":0,"k":100,"ix":7},"sk":{"a":0,"k":0,"ix":4},"sa":{"a":0,"k":0,"ix":5},"nm":"Transform"}],"nm":"Group 1","np":3,"cix":2,"bm":0,"ix":1,"mn":"ADBE Vector Group","hd":false},{"ty":"gr","it":[{"ind":0,"ty":"sh","ix":1,"ks":{"a":0,"k":{"i":[[0,0],[0,0],[0,0],[-15.534,0],[0,0],[0,-15.534]],"o":[[0,0],[0,0],[0,-15.534],[0,0],[15.533,0],[0,0]],"v":[[32.841,101.353],[-32.842,101.353],[-32.842,-73.226],[-4.716,-101.353],[4.715,-101.353],[32.841,-73.226]],"c":true},"ix":2},"nm":"Path 1","mn":"ADBE Vector Shape - Group","hd":false},{"ty":"mm","mm":4,"nm":"Merge Paths 1","mn":"ADBE Vector Filter - Merge","hd":false},{"ty":"fl","c":{"a":0,"k":[0.187999994615,0.277999997606,0.368999974868,1],"ix":4},"o":{"a":0,"k":100,"ix":5},"r":1,"bm":0,"nm":"Fill 1","mn":"ADBE Vector Graphic - Fill","hd":false},{"ty":"tr","p":{"a":0,"k":[500.013,699.337],"ix":2},"a":{"a":0,"k":[0,0],"ix":1},"s":{"a":0,"k":[100,100],"ix":3},"r":{"a":0,"k":0,"ix":6},"o":{"a":0,"k":100,"ix":7},"sk":{"a":0,"k":0,"ix":4},"sa":{"a":0,"k":0,"ix":5},"nm":"Transform"}],"nm":"Group 2","np":3,"cix":2,"bm":0,"ix":2,"mn":"ADBE Vector Group","hd":false}],"ip":0,"op":600,"st":0,"bm":0},{"ddd":0,"ind":9,"ty":4,"nm":"Layer 7 Outlines","parent":2,"sr":1,"ks":{"o":{"a":0,"k":100,"ix":11},"r":{"a":0,"k":0,"ix":10},"p":{"a":1,"k":[{"i":{"x":0.433,"y":1},"o":{"x":0.573,"y":0},"t":30,"s":[52,384.362,0],"to":[-0.331,-60.225,0],"ti":[0.331,60.225,0]},{"t":70,"s":[50.013,23.013,0]}],"ix":2},"a":{"a":0,"k":[500.013,473.013,0],"ix":1},"s":{"a":0,"k":[100,100,100],"ix":6}},"ao":0,"hasMask":true,"masksProperties":[{"inv":false,"mode":"a","pt":{"a":1,"k":[{"i":{"x":0.433,"y":1},"o":{"x":0.573,"y":0},"t":30,"s":[{"i":[[0,0],[0,0],[0,0],[0,0]],"o":[[0,0],[0,0],[0,0],[0,0]],"v":[[1188,-513.25],[-106,-513.25],[-106,288.75],[1188,288.75]],"c":true}]},{"t":70,"s":[{"i":[[0,0],[0,0],[0,0],[0,0]],"o":[[0,0],[0,0],[0,0],[0,0]],"v":[[1188,-152],[-106,-152],[-106,650],[1188,650]],"c":true}]}],"ix":1},"o":{"a":0,"k":100,"ix":3},"x":{"a":0,"k":0,"ix":4},"nm":"Mask 1"}],"shapes":[{"ty":"gr","it":[{"ind":0,"ty":"sh","ix":1,"ks":{"a":0,"k":{"i":[[0,0],[0,0],[0,0],[0,0]],"o":[[0,0],[0,0],[0,0],[0,0]],"v":[[-8.211,116.051],[8.211,116.051],[8.211,-116.05],[-8.211,-116.05]],"c":true},"ix":2},"nm":"Path 1","mn":"ADBE Vector Shape - Group","hd":false},{"ty":"fl","c":{"a":0,"k":[0.187999994615,0.277999997606,0.368999974868,1],"ix":4},"o":{"a":0,"k":100,"ix":5},"r":1,"bm":0,"nm":"Fill 1","mn":"ADBE Vector Graphic - Fill","hd":false},{"ty":"tr","p":{"a":0,"k":[508.224,531.324],"ix":2},"a":{"a":0,"k":[0,0],"ix":1},"s":{"a":0,"k":[100,100],"ix":3},"r":{"a":0,"k":0,"ix":6},"o":{"a":0,"k":100,"ix":7},"sk":{"a":0,"k":0,"ix":4},"sa":{"a":0,"k":0,"ix":5},"nm":"Transform"}],"nm":"Group 1","np":2,"cix":2,"bm":0,"ix":1,"mn":"ADBE Vector Group","hd":false},{"ty":"gr","it":[{"ind":0,"ty":"sh","ix":1,"ks":{"a":0,"k":{"i":[[0,0],[0,0],[0,0],[0,0]],"o":[[0,0],[0,0],[0,0],[0,0]],"v":[[-16.421,116.051],[16.421,116.051],[16.421,-116.05],[-16.421,-116.05]],"c":true},"ix":2},"nm":"Path 1","mn":"ADBE Vector Shape - Group","hd":false},{"ty":"fl","c":{"a":0,"k":[0.234999997008,0.325,0.4,1],"ix":4},"o":{"a":0,"k":100,"ix":5},"r":1,"bm":0,"nm":"Fill 1","mn":"ADBE Vector Graphic - Fill","hd":false},{"ty":"tr","p":{"a":0,"k":[500.013,531.324],"ix":2},"a":{"a":0,"k":[0,0],"ix":1},"s":{"a":0,"k":[100,100],"ix":3},"r":{"a":0,"k":0,"ix":6},"o":{"a":0,"k":100,"ix":7},"sk":{"a":0,"k":0,"ix":4},"sa":{"a":0,"k":0,"ix":5},"nm":"Transform"}],"nm":"Group 2","np":2,"cix":2,"bm":0,"ix":2,"mn":"ADBE Vector Group","hd":false},{"ty":"gr","it":[{"ind":0,"ty":"sh","ix":1,"ks":{"a":0,"k":{"i":[[0,0],[0,0],[0,0],[0,0]],"o":[[0,0],[0,0],[0,0],[0,0]],"v":[[-16.421,174.362],[16.421,174.362],[16.421,-174.362],[-16.421,-174.362]],"c":true},"ix":2},"nm":"Path 1","mn":"ADBE Vector Shape - Group","hd":false},{"ty":"fl","c":{"a":0,"k":[0.13300000359,0.156999999402,0.19199999641,1],"ix":4},"o":{"a":0,"k":100,"ix":5},"r":1,"bm":0,"nm":"Fill 1","mn":"ADBE Vector Graphic - Fill","hd":false},{"ty":"tr","p":{"a":0,"k":[500.013,473.013],"ix":2},"a":{"a":0,"k":[0,0],"ix":1},"s":{"a":0,"k":[100,100],"ix":3},"r":{"a":0,"k":0,"ix":6},"o":{"a":0,"k":100,"ix":7},"sk":{"a":0,"k":0,"ix":4},"sa":{"a":0,"k":0,"ix":5},"nm":"Transform"}],"nm":"Group 3","np":2,"cix":2,"bm":0,"ix":3,"mn":"ADBE Vector Group","hd":false}],"ip":30,"op":630,"st":30,"bm":0},{"ddd":0,"ind":10,"ty":4,"nm":"Layer 9 Outlines","parent":2,"sr":1,"ks":{"o":{"a":0,"k":100,"ix":11},"r":{"a":0,"k":0,"ix":10},"p":{"a":0,"k":[50.009,-116.298,0],"ix":2},"a":{"a":0,"k":[500.009,333.702,0],"ix":1},"s":{"a":0,"k":[100,100,100],"ix":6}},"ao":0,"shapes":[{"ty":"gr","it":[{"ind":0,"ty":"sh","ix":1,"ks":{"a":0,"k":{"i":[[0.833,0.672],[1.809,0.66],[0.266,-0.968],[-1.005,-0.367],[-0.932,-0.751],[-0.811,0.81]],"o":[[-1.499,-1.208],[-1.001,-0.365],[-0.302,1.099],[1.121,0.408],[0.829,0.668],[0.691,-0.692]],"v":[[3.401,-0.246],[-1.505,-2.991],[-3.932,-1.612],[-2.554,0.816],[0.61,2.546],[3.401,2.546]],"c":true},"ix":2},"nm":"Path 1","mn":"ADBE Vector Shape - Group","hd":false},{"ty":"mm","mm":4,"nm":"Merge Paths 1","mn":"ADBE Vector Filter - Merge","hd":false},{"ty":"fl","c":{"a":0,"k":[1,1,1,1],"ix":4},"o":{"a":0,"k":100,"ix":5},"r":1,"bm":0,"nm":"Fill 1","mn":"ADBE Vector Graphic - Fill","hd":false},{"ty":"tr","p":{"a":0,"k":[500.025,333.692],"ix":2},"a":{"a":0,"k":[0,0],"ix":1},"s":{"a":0,"k":[100,100],"ix":3},"r":{"a":0,"k":0,"ix":6},"o":{"a":0,"k":100,"ix":7},"sk":{"a":0,"k":0,"ix":4},"sa":{"a":0,"k":0,"ix":5},"nm":"Transform"}],"nm":"Group 1","np":3,"cix":2,"bm":0,"ix":1,"mn":"ADBE Vector Group","hd":false}],"ip":0,"op":600,"st":0,"bm":0},{"ddd":0,"ind":11,"ty":4,"nm":"Layer 8 Outlines 2","parent":2,"sr":1,"ks":{"o":{"a":0,"k":100,"ix":11},"r":{"a":0,"k":0,"ix":10},"p":{"a":1,"k":[{"i":{"x":0.433,"y":1},"o":{"x":0.573,"y":0},"t":0,"s":[410.063,369.854,0],"to":[-60.008,0,0],"ti":[60.008,0,0]},{"t":40,"s":[50.013,369.854,0]}],"ix":2},"a":{"a":0,"k":[500.013,819.854,0],"ix":1},"s":{"a":0,"k":[100,100,100],"ix":6}},"ao":0,"hasMask":true,"masksProperties":[{"inv":false,"mode":"a","pt":{"a":1,"k":[{"i":{"x":0.433,"y":1},"o":{"x":0.573,"y":0},"t":0,"s":[{"i":[[0,0],[0,0],[0,0],[0,0]],"o":[[0,0],[0,0],[0,0],[0,0]],"v":[[140.055,-88],[-900.008,-88],[-900.008,1576],[140.055,1576]],"c":true}]},{"t":40,"s":[{"i":[[0,0],[0,0],[0,0],[0,0]],"o":[[0,0],[0,0],[0,0],[0,0]],"v":[[500.063,-88],[-540,-88],[-540,1576],[500.063,1576]],"c":true}]}],"ix":1},"o":{"a":0,"k":100,"ix":3},"x":{"a":0,"k":0,"ix":4},"nm":"Mask 1"}],"shapes":[{"ty":"gr","it":[{"ind":0,"ty":"sh","ix":1,"ks":{"a":0,"k":{"i":[[-15.732,0],[0,0],[-3.681,-13.249],[0,0],[17.341,0],[0,0],[0,-17.34],[0,0],[0,0]],"o":[[0,0],[14.422,0],[0,0],[0,-17.34],[0,0],[-17.341,0],[0,0],[0,0],[2.282,-15.096]],"v":[[-317.449,-7.502],[319.754,-7.502],[350,15.474],[350,12.234],[318.602,-19.164],[-318.601,-19.164],[-350,12.234],[-350,19.164],[-348.492,19.164]],"c":true},"ix":2},"nm":"Path 1","mn":"ADBE Vector Shape - Group","hd":false},{"ty":"mm","mm":4,"nm":"Merge Paths 1","mn":"ADBE Vector Filter - Merge","hd":false},{"ty":"fl","c":{"a":0,"k":[0.051000000449,0.556999954523,0.097999999102,1],"ix":4},"o":{"a":0,"k":100,"ix":5},"r":1,"bm":0,"nm":"Fill 1","mn":"ADBE Vector Graphic - Fill","hd":false},{"ty":"tr","p":{"a":0,"k":[500.012,819.854],"ix":2},"a":{"a":0,"k":[0,0],"ix":1},"s":{"a":0,"k":[100,100],"ix":3},"r":{"a":0,"k":0,"ix":6},"o":{"a":0,"k":100,"ix":7},"sk":{"a":0,"k":0,"ix":4},"sa":{"a":0,"k":0,"ix":5},"nm":"Transform"}],"nm":"Group 1","np":3,"cix":2,"bm":0,"ix":1,"mn":"ADBE Vector Group","hd":false},{"ty":"gr","it":[{"ind":0,"ty":"sh","ix":1,"ks":{"a":0,"k":{"i":[[0,0],[0,0],[0,0],[-17.34,0],[0,0],[0,-17.341]],"o":[[0,0],[0,0],[0,-17.341],[0,0],[17.34,0],[0,0]],"v":[[350,19.164],[-350,19.164],[-350,12.234],[-318.602,-19.164],[318.602,-19.164],[350,12.234]],"c":true},"ix":2},"nm":"Path 1","mn":"ADBE Vector Shape - Group","hd":false},{"ty":"mm","mm":4,"nm":"Merge Paths 1","mn":"ADBE Vector Filter - Merge","hd":false},{"ty":"fl","c":{"a":0,"k":[0.043000000598,0.477999997606,0.063000002094,1],"ix":4},"o":{"a":0,"k":100,"ix":5},"r":1,"bm":0,"nm":"Fill 1","mn":"ADBE Vector Graphic - Fill","hd":false},{"ty":"tr","p":{"a":0,"k":[500.013,819.854],"ix":2},"a":{"a":0,"k":[0,0],"ix":1},"s":{"a":0,"k":[100,100],"ix":3},"r":{"a":0,"k":0,"ix":6},"o":{"a":0,"k":100,"ix":7},"sk":{"a":0,"k":0,"ix":4},"sa":{"a":0,"k":0,"ix":5},"nm":"Transform"}],"nm":"Group 2","np":3,"cix":2,"bm":0,"ix":2,"mn":"ADBE Vector Group","hd":false}],"ip":0,"op":600,"st":0,"bm":0},{"ddd":0,"ind":12,"ty":4,"nm":"Layer 8 Outlines","parent":2,"sr":1,"ks":{"o":{"a":0,"k":100,"ix":11},"r":{"a":0,"k":0,"ix":10},"p":{"a":1,"k":[{"i":{"x":0.433,"y":1},"o":{"x":0.573,"y":0},"t":0,"s":[-309.938,369.854,0],"to":[59.992,0,0],"ti":[-59.992,0,0]},{"t":40,"s":[50.013,369.854,0]}],"ix":2},"a":{"a":0,"k":[500.013,819.854,0],"ix":1},"s":{"a":0,"k":[100,100,100],"ix":6}},"ao":0,"hasMask":true,"masksProperties":[{"inv":false,"mode":"a","pt":{"a":1,"k":[{"i":{"x":0.433,"y":1},"o":{"x":0.573,"y":0},"t":0,"s":[{"i":[[0,0],[0,0],[0,0],[0,0]],"o":[[0,0],[0,0],[0,0],[0,0]],"v":[[1980,346],[860.063,346],[860.063,1278],[1980,1278]],"c":true}]},{"t":40,"s":[{"i":[[0,0],[0,0],[0,0],[0,0]],"o":[[0,0],[0,0],[0,0],[0,0]],"v":[[1620,346],[500.063,346],[500.063,1278],[1620,1278]],"c":true}]}],"ix":1},"o":{"a":0,"k":100,"ix":3},"x":{"a":0,"k":0,"ix":4},"nm":"Mask 1"}],"shapes":[{"ty":"gr","it":[{"ind":0,"ty":"sh","ix":1,"ks":{"a":0,"k":{"i":[[-15.732,0],[0,0],[-3.681,-13.249],[0,0],[17.341,0],[0,0],[0,-17.34],[0,0],[0,0]],"o":[[0,0],[14.422,0],[0,0],[0,-17.34],[0,0],[-17.341,0],[0,0],[0,0],[2.282,-15.096]],"v":[[-317.449,-7.502],[319.754,-7.502],[350,15.474],[350,12.234],[318.602,-19.164],[-318.601,-19.164],[-350,12.234],[-350,19.164],[-348.492,19.164]],"c":true},"ix":2},"nm":"Path 1","mn":"ADBE Vector Shape - Group","hd":false},{"ty":"mm","mm":4,"nm":"Merge Paths 1","mn":"ADBE Vector Filter - Merge","hd":false},{"ty":"fl","c":{"a":0,"k":[0.051000000449,0.556999954523,0.097999999102,1],"ix":4},"o":{"a":0,"k":100,"ix":5},"r":1,"bm":0,"nm":"Fill 1","mn":"ADBE Vector Graphic - Fill","hd":false},{"ty":"tr","p":{"a":0,"k":[500.012,819.854],"ix":2},"a":{"a":0,"k":[0,0],"ix":1},"s":{"a":0,"k":[100,100],"ix":3},"r":{"a":0,"k":0,"ix":6},"o":{"a":0,"k":100,"ix":7},"sk":{"a":0,"k":0,"ix":4},"sa":{"a":0,"k":0,"ix":5},"nm":"Transform"}],"nm":"Group 1","np":3,"cix":2,"bm":0,"ix":1,"mn":"ADBE Vector Group","hd":false},{"ty":"gr","it":[{"ind":0,"ty":"sh","ix":1,"ks":{"a":0,"k":{"i":[[0,0],[0,0],[0,0],[-17.34,0],[0,0],[0,-17.341]],"o":[[0,0],[0,0],[0,-17.341],[0,0],[17.34,0],[0,0]],"v":[[350,19.164],[-350,19.164],[-350,12.234],[-318.602,-19.164],[318.602,-19.164],[350,12.234]],"c":true},"ix":2},"nm":"Path 1","mn":"ADBE Vector Shape - Group","hd":false},{"ty":"mm","mm":4,"nm":"Merge Paths 1","mn":"ADBE Vector Filter - Merge","hd":false},{"ty":"fl","c":{"a":0,"k":[0.043000000598,0.477999997606,0.063000002094,1],"ix":4},"o":{"a":0,"k":100,"ix":5},"r":1,"bm":0,"nm":"Fill 1","mn":"ADBE Vector Graphic - Fill","hd":false},{"ty":"tr","p":{"a":0,"k":[500.013,819.854],"ix":2},"a":{"a":0,"k":[0,0],"ix":1},"s":{"a":0,"k":[100,100],"ix":3},"r":{"a":0,"k":0,"ix":6},"o":{"a":0,"k":100,"ix":7},"sk":{"a":0,"k":0,"ix":4},"sa":{"a":0,"k":0,"ix":5},"nm":"Transform"}],"nm":"Group 2","np":3,"cix":2,"bm":0,"ix":2,"mn":"ADBE Vector Group","hd":false}],"ip":0,"op":600,"st":0,"bm":0}],"markers":[]}